language,path,code,comments,blanks,lines
Autoconf,./MANIFEST.in,30,8,7,45
CSS,./dashboard_output_light/dashboard.css,18,0,3,21
CSS,./enhanced_dashboard/dashboard.css,18,0,3,21
CSS,./final_comprehensive_dashboard/dashboard.css,18,0,3,21
CSS,./dashboard_output_dark/dashboard.css,18,0,3,21
CSS,./comprehensive_dashboard/dashboard.css,18,0,3,21
CSS,./docs/source/_static/custom.css,163,16,36,215
CSS,./simple_tui.css,54,1,12,67
CSS,./rabbitmirror/tui.css,248,26,52,326
CSS,./rabbitmirror/static/css/tui.css,12,2,5,19
CSS,./rabbitmirror/web/static/css/style.css,267,6,60,333
INI,./mypy.ini,54,2,19,75
INI,./pytest.ini,22,0,0,22
JSON,./_artifacts/tokei/context.json,1,0,0,1
JSON,./_artifacts/tokei/tokei_files.json,0,0,0,0
JSON,./outputs/patterns.json,336,0,0,336
JSON,./outputs/suppression.json,23,0,0,23
JSON,./clusters.json,259,0,0,259
JSON,./package.json,34,0,0,34
JSON,./examples/datasets/sample_parsed_data.json,113,0,0,113
JSON,./package-lock.json,912,0,0,912
JSON,./_artifacts/tokei/tokei.json,4123,0,0,4123
JSON,./bandit_results.json,254,0,0,254
JSON,./parsed_history.json,244,0,0,244
JSON,./demo_results.json,104,0,0,104
JavaScript,./pages/index.js,8,0,0,8
Makefile,./docs/docs/Makefile,9,7,4,20
Makefile,./docs/Makefile,9,7,4,20
Makefile,./Makefile,319,14,47,380
Markdown,./TESTING_RESULTS.md,0,143,41,184
Markdown,./TUI_GUIDE.md,0,202,60,262
Markdown,./DEVELOPMENT.md,0,181,51,232
Markdown,./INSTALLATION.md,0,54,31,85
Markdown,./use_cases_analysis.md,0,307,74,381
Markdown,./GITHUB_PUBLICATION_SUMMARY.md,0,100,34,134
Markdown,./CONTRIBUTING.md,0,203,62,265
Markdown,./docs/tutorials/comprehensive_error_handling.md,0,48,21,69
Markdown,./README.md,0,323,116,439
Markdown,./COMPREHENSIVE_ERROR_HANDLING.md,0,147,47,194
Markdown,./docs/tutorials/01_getting_started.md,0,101,53,154
Markdown,./docs/tutorials/02_advanced_usage.md,0,108,80,188
Markdown,./docs/examples_and_recipes.md,0,101,50,151
Markdown,./docs/configuration.md,0,262,143,405
Markdown,./docs/FAQ.md,0,249,67,316
Markdown,./PR_GUIDE.md,0,29,12,41
Markdown,./PUBLICATION_READINESS_REPORT.md,0,105,26,131
Markdown,./docs/api_reference.md,0,101,66,167
Markdown,./docs/performance_tuning.md,0,213,107,320
Markdown,./PUBLICATION_PACKAGE.md,0,149,42,191
Markdown,./CHANGELOG.md,0,99,22,121
Markdown,./TUI_QUICK_REFERENCE.md,0,62,16,78
Markdown,./feature_requirements_by_target_group.md,0,266,67,333
Markdown,./WARP.md,0,125,19,144
Markdown,./WEB_INTERFACE.md,0,194,62,256
Markdown,./CODEBASE_SUMMARY.md,0,215,45,260
Plain Text,./requirements-dev.txt,0,37,7,44
Plain Text,./requirements.txt,0,24,1,25
Python,./test_tui.py,29,1,13,43
Python,./parse_watch_history.py,50,8,11,69
Python,./test_rabbitmirror_tui.py,68,3,19,90
Python,./scripts/combine_demo.py,23,0,7,30
Python,./benchmarks/test_clustering_performance.py,311,12,75,398
Python,./doc_cli.py,160,12,46,218
Python,./setup.py,73,3,5,81
Python,./tests/test_duration_parsing.py,57,5,10,72
Python,./tests/test_web_security_headers.py,46,5,13,64
Python,./tests/test_web_nav_links.py,27,0,10,37
Python,./tests/test_web_health_version.py,31,0,10,41
Python,./tests/test_cluster_engine_extra.py,41,2,13,56
Python,./tests/test_qr_generator.py,112,4,33,149
Python,./tests/test_web_api.py,73,3,28,104
Python,./tests/test_cli_extra.py,20,2,4,26
Python,./tests/test_parser_paths.py,21,4,10,35
Python,./tests/test_adversarial_profiler_helpers.py,257,45,71,373
Python,./tests/test_parser_extra.py,46,4,15,65
Python,./benchmarks/test_parser_performance.py,318,20,87,425
Python,./tests/test_schema_validator.py,190,11,55,256
Python,./benchmarks/utils.py,392,9,78,479
Python,./tests/test_web_rate_limit.py,38,5,10,53
Python,./tests/test_web_analyze_export.py,70,3,30,103
Python,./tests/test_profile_simulator.py,257,30,71,358
Python,./tests/test_config_manager.py,49,2,14,65
Python,./tests/test_cli.py,397,16,69,482
Python,./tests/conftest.py,63,2,19,84
Python,./tests/test_profiler_small_helpers.py,30,1,8,39
Python,./tests/test_cli_generate_report.py,24,2,8,34
Python,./tests/test_export_formatter_more.py,44,6,17,67
Python,./tests/test_cli_errors_more.py,33,6,9,48
Python,./tests/test_parser.py,108,3,27,138
Python,./tests/test_cli_additional_cov.py,96,10,18,124
Python,./tests/test_web_a11y.py,12,0,6,18
Python,./tests/test_adversarial_profiler_additional.py,515,58,143,716
Python,./tests/test_dashboard_generator.py,214,25,63,302
Python,./tests/test_cluster_engine.py,40,1,11,52
Python,./tests/test_adversarial_profiler_enhanced.py,636,48,140,824
Python,./tests/test_error_recovery_timeout_fix.py,128,42,51,221
Python,./tests/test_web_errors.py,19,1,11,31
Python,./tests/test_export_formatter.py,201,9,58,268
Python,./tests/__init__.py,0,1,0,1
Python,./tests/test_error_handling_simple.py,93,1,17,111
Python,./tests/test_cli_coverage.py,77,7,16,100
Python,./tests/test_web_routes.py,28,1,11,40
Python,./tests/test_suppression_index.py,122,3,31,156
Python,./tests/test_report_generator.py,232,12,52,296
Python,./tests/test_error_recovery.py,399,52,158,609
Python,./tests/test_web_packaging.py,20,4,10,34
Python,./tests/test_profiler_updates.py,126,10,15,151
Python,./tests/test_symbolic_logger.py,30,10,7,47
Python,./tests/test_parser_extra2.py,79,7,22,108
Python,./tests/test_web_upload.py,142,20,52,214
Python,./codex/codex.py,27,3,7,37
Python,./tests/test_adversarial_profiler_coverage.py,570,65,122,757
Python,./tests/test_trend_analyzer.py,306,5,81,392
Python,./codex.py,27,3,7,37
Python,./run.py,3,1,2,6
Python,./tests/test_adversarial_profiler.py,1663,146,294,2103
Python,./test_coverage_check.py,28,2,11,41
Python,./docs/source/conf.py,176,85,77,338
Python,./rabbitmirror/qr_generator.py,40,1,9,50
Python,./rabbitmirror/suppression_index.py,73,8,13,94
Python,./rabbitmirror/report_generator.py,32,5,9,46
Python,./rabbitmirror/symbolic_logger.py,27,1,6,34
Python,./tests/test_exceptions_comprehensive.py,627,4,169,800
Python,./rabbitmirror/exceptions.py,274,2,79,355
Python,./rabbitmirror/__init__.py,18,5,3,26
Python,./rabbitmirror/parser.py,123,7,24,154
Python,./rabbitmirror/trend_analyzer.py,304,25,60,389
Python,./rabbitmirror/error_recovery.py,497,43,127,667
Python,./rabbitmirror/export_formatter.py,238,11,24,273
Python,./rabbitmirror/config_manager.py,30,2,7,39
Python,./rabbitmirror/profile_simulator.py,181,19,40,240
Python,./rabbitmirror/parsers/plugin_manager.py,117,7,24,148
Python,./rabbitmirror/parsers/netflix_parser.py,106,7,20,133
Python,./rabbitmirror/parsers/youtube_parser.py,244,21,48,313
Python,./rabbitmirror/web/app.py,441,61,92,594
Python,./rabbitmirror/cli.py,817,113,137,1067
Python,./rabbitmirror/parsers/__init__.py,19,1,3,23
Python,./rabbitmirror/parsers/factory.py,52,2,8,62
Python,./rabbitmirror/tui.py,871,49,158,1078
Python,./rabbitmirror/parsers/registry.py,60,2,16,78
Python,./rabbitmirror/schema_validator.py,349,5,25,379
Python,./rabbitmirror/parsers/base_parser.py,317,21,55,393
Python,./rabbitmirror/parsers/spotify_parser.py,110,7,21,138
Python,./rabbitmirror/dashboard_generator.py,671,51,98,820
Python,./rabbitmirror/cluster_engine.py,147,8,19,174
Python,./rabbitmirror/adversarial_profiler.py,3370,243,586,4199
ReStructuredText,./docs/source/api/parser.rst,187,0,70,257
ReStructuredText,./docs/source/api/index.rst,134,0,50,184
ReStructuredText,./docs/source/api/_autosummary/rabbitmirror.exceptions.RabbitMirrorError.rst,4,0,2,6
ReStructuredText,./docs/source/api/_autosummary/rabbitmirror.HistoryParser.rst,9,0,8,17
ReStructuredText,./docs/source/api/_autosummary/rabbitmirror.error_recovery.robust_operation.rst,4,0,2,6
ReStructuredText,./docs/source/index.rst,122,0,43,165
ReStructuredText,./docs/source/api/_autosummary/rabbitmirror.ClusterEngine.rst,9,0,8,17
ReStructuredText,./docs/source/api/_autosummary/rabbitmirror.ReportGenerator.rst,9,0,8,17
ReStructuredText,./docs/source/api/_autosummary/rabbitmirror.TrendAnalyzer.rst,9,0,8,17
ReStructuredText,./docs/source/api/_autosummary/rabbitmirror.error_recovery.CircuitBreaker.rst,9,0,8,17
ReStructuredText,./docs/source/api/_autosummary/rabbitmirror.error_recovery.RetryConfig.rst,8,0,8,16
ReStructuredText,./docs/source/api/_autosummary/rabbitmirror.DashboardGenerator.rst,9,0,8,17
ReStructuredText,./docs/source/api/_autosummary/rabbitmirror.exceptions.ParsingError.rst,4,0,2,6
ReStructuredText,./docs/source/api/_autosummary/rabbitmirror.error_recovery.with_timeout.rst,4,0,2,6
ReStructuredText,./docs/source/api/_autosummary/rabbitmirror.exceptions.ExportError.rst,4,0,2,6
ReStructuredText,./docs/source/api/_autosummary/rabbitmirror.ExportFormatter.rst,10,0,8,18
ReStructuredText,./docs/source/api/_autosummary/rabbitmirror.error_recovery.with_retry.rst,4,0,2,6
ReStructuredText,./docs/source/api/_autosummary/rabbitmirror.exceptions.ClusteringError.rst,4,0,2,6
ReStructuredText,./docs/source/api/_autosummary/rabbitmirror.exceptions.NetworkError.rst,4,0,2,6
ReStructuredText,./docs/source/api/error_recovery.rst,346,0,151,497
ReStructuredText,./docs/source/api/_autosummary/rabbitmirror.error_recovery.ErrorRecoveryManager.rst,11,0,8,19
ReStructuredText,./docs/source/api/_autosummary/rabbitmirror.AdversarialProfiler.rst,9,0,8,17
Rust,./hello-rs/src/main.rs,3,0,0,3
Shell,./scripts/release.sh,114,27,31,172
Shell,./activate_rabbitmirror.sh,12,5,3,20
TOML,./pyproject.toml,186,0,14,200
TOML,./hello-rs/Cargo.toml,5,0,1,6
YAML,./examples/datasets/sample_config.yaml,69,11,14,94
YAML,./lets.yaml,71,1,11,83
YAML,./_artifacts/tokei/tokei.yaml,4123,0,0,4123
